DATE,revenue,tv_S_adstock_norm_sat,ooh_S_adstock_norm_sat,print_S_adstock_norm_sat,facebook_S_adstock_norm_sat,search_S_adstock_norm_sat,competitor_sales_norm,is_holiday,is_christmas,is_new_year,is_easter_monday,is_whit_monday,is_labor_day,is_week_25,is_week_57,is_week_73,is_week_75,is_week_109,is_week_123,event1,event2,August,December,February,January,July,June,March,May,November,October,September
2015-11-23,2754371.66666667,0.028916190988806646,0.0,0.8254673285671094,0.866602780118483,0.0,1.248428338838901,0,0,0,0,0,0,0,0,0,0,0,0,False,False,False,False,False,False,False,False,False,False,True,False,False
2015-11-30,2584276.66666667,0.12607222724004724,0.0,0.19161924280227896,0.5749198800154348,0.6777933479195096,1.1405908778310425,0,0,0,0,0,0,0,0,0,0,0,0,False,False,False,False,False,False,False,False,False,False,True,False,False
2015-12-07,2547386.66666667,0.03867174054240384,0.3005730374043509,0.07880287301778979,0.7814607750697284,0.6740192605039331,1.3329706690950756,0,0,0,0,0,0,0,0,0,0,0,0,False,False,False,True,False,False,False,False,False,False,False,False,False
2015-12-14,2875220.0,0.5486393618158393,0.05556280722575135,0.8792421094615505,0.7146663095256197,0.6858732441282926,1.2474023724820467,0,0,0,0,0,0,0,0,0,0,0,0,False,False,False,True,False,False,False,False,False,False,False,False,False
2015-12-21,2215953.33333333,0.25314863273326915,0.6819128836134217,0.26735420670254495,0.40471638942371396,0.6695875365962565,0.7566671249031982,1,1,0,0,0,0,0,0,0,0,0,0,False,False,False,True,False,False,False,False,False,False,False,False,False
2015-12-28,2569921.66666667,0.33023622842446104,0.22689492782890808,0.9402705580119248,0.817480334597696,0.6732402091578374,0.7524455098092362,1,0,1,0,0,0,0,0,0,0,0,0,False,False,False,True,False,False,False,False,False,False,False,False,False
2016-01-04,2171506.66666667,0.1253336646559436,0.6368242331383548,0.441021342214365,0.767519391239393,0.6715549523007804,0.693151313995334,0,0,0,0,0,0,0,0,0,0,0,0,False,False,False,False,False,True,False,False,False,False,False,False,False
2016-01-11,2464131.66666667,0.05009488008993275,0.19358250603206165,0.9147457776714597,0.7847724411694897,0.6860886049921388,0.9237312204408765,0,0,0,0,0,0,0,0,0,0,0,0,False,False,False,False,False,True,False,False,False,False,False,False,False
2016-01-18,2012520.0,0.014492758607686314,0.03181755610721913,0.34970138134742274,0.763479351099458,0.6519188134457577,0.5624675221943399,0,0,0,0,0,0,0,0,0,0,0,0,False,False,False,False,False,True,False,False,False,False,False,False,False
2016-01-25,1738911.66666667,0.004084059386460635,0.004478819577006724,0.8053325736503502,0.725934755582825,0.6498445352851638,-0.0012696231581717362,0,0,0,0,0,0,0,0,0,0,0,0,False,False,False,False,False,True,False,False,False,False,False,False,False
2016-02-01,1772306.66666667,0.029622454722522413,0.05247300514854794,0.1717325349573794,0.15780569931644947,0.6382457391331523,-0.027954400048400645,0,0,0,0,0,0,0,0,0,0,0,0,False,False,False,False,True,False,False,False,False,False,False,False,False
2016-02-08,1809058.33333333,0.00844067416428157,0.007524327043869101,0.5761774132317397,0.7399530177548125,0.6354760204555663,0.1614222921381604,0,0,0,0,0,0,0,0,0,0,0,0,False,False,False,False,True,False,False,False,False,False,False,False,False
2016-02-15,1952740.0,0.3756219208702616,0.0010368136962012663,0.4126818664359737,0.5667192645155882,0.2804795529591686,0.13748774209069434,0,0,0,0,0,0,0,0,0,0,0,0,False,False,False,False,True,False,False,False,False,False,False,False,False
2016-02-22,1507805.0,0.14365767053092157,0.00014206692699514378,0.03401816897223217,0.08469025536652917,0.08017658079563605,-0.24655134760069086,0,0,0,0,0,0,0,0,0,0,0,0,False,False,False,False,True,False,False,False,False,False,False,False,False
2016-02-29,1510391.66666667,0.3272423590937907,1.9451347390262648e-05,0.001761879193129236,0.6492881001884063,0.6104461029116588,-0.4712432881384338,0,0,0,0,0,0,0,0,0,0,0,0,False,False,False,False,True,False,False,False,False,False,False,False,False
2016-03-07,1588840.0,0.11943955453473357,2.662934164285151e-06,0.8689744740669068,0.11579897515572309,0.6395800129901187,-0.2614688791261313,0,0,0,0,0,0,0,0,0,0,0,0,False,False,False,False,False,False,False,False,True,False,False,False,False
2016-03-14,1605990.0,0.1418169987787011,0.04561874089090023,0.24947036089501734,0.009179425017700782,0.6215932399983903,-0.2892563526887086,0,0,0,0,0,0,0,0,0,0,0,0,False,False,False,False,False,False,False,False,True,False,False,False,False
2016-03-21,1356010.0,0.044051529412835494,0.006501180070729822,0.016386106092358348,0.0006549417740535387,0.6167691815555734,-0.4910942411437066,1,0,0,0,0,0,0,0,0,0,0,0,False,False,False,False,False,False,False,False,True,False,False,False,False
2016-03-28,2103936.66666667,0.012687015862353213,0.11329640834548312,0.8374728755603389,0.844664667759511,0.6276615670617783,-0.497592188930652,1,0,0,1,0,0,0,0,0,0,0,0,False,False,False,False,False,False,False,False,True,False,False,False,False
2016-04-04,1120835.0,0.0035705024543686383,0.017191354310741896,0.20524709625335807,0.2856269421561005,0.5963863477757603,-0.8684138785524755,0,0,0,0,0,0,0,0,0,0,0,0,False,False,False,False,False,False,False,False,False,False,False,False,False
2016-04-11,1141140.0,0.0009982220238020788,0.12506107479926032,0.012777908196737837,0.027506021908535377,0.5921299814314765,-0.8537328115213243,0,0,0,0,0,0,0,0,0,0,0,0,False,False,False,False,False,False,False,False,False,False,False,False,False
2016-04-18,1166880.0,0.01011738239221344,0.019192504137249305,0.0006482809533835624,0.6412475629311796,0.5868836366723494,-0.9046648506882016,0,0,0,0,0,0,0,0,0,0,0,0,False,False,False,False,False,False,False,False,False,False,False,False,False
2016-04-25,888806.666666667,0.0028420162929001826,0.002671710840911923,3.251103373145429e-05,0.11225044956055741,0.5874709152073277,-1.2438736503265704,1,0,0,0,0,1,0,0,0,0,0,0,False,False,False,False,False,False,False,False,False,False,False,False,False
2016-05-02,898873.333333333,0.0007941374774344836,0.0003666025826759548,0.822332973825322,0.008865373502634036,0.5469503891905065,-1.2914507891581455,1,0,0,0,0,0,0,0,0,0,0,0,False,False,False,False,False,False,False,False,False,True,False,False,False
2016-05-09,889373.333333334,0.00022157594215688517,0.06090546679763573,0.18829510737267616,0.0006323484180893286,0.558501311327238,-1.25304943786619,0,0,0,0,0,0,0,0,0,0,0,0,False,False,False,False,False,False,False,False,False,True,False,False,False
2016-05-16,1915375.0,6.179738974805145e-05,0.00880058313226533,0.011492665534352185,0.7447279287511128,0.220494976581945,-1.2059095170587497,1,0,0,0,1,0,1,0,0,0,0,0,False,False,False,False,False,False,False,False,False,True,False,False,False
2016-05-23,1006845.0,1.7233266814653036e-05,0.29802619836925975,0.0005823551018103148,0.1710716657092306,0.05948796863001719,-1.083655443188863,0,0,0,0,0,0,0,0,0,0,0,0,False,False,False,False,False,False,False,False,False,True,False,False,False
2016-05-30,869198.333333334,4.805638909900036e-06,0.054928967865309875,2.920304844446744e-05,0.01438909107025361,0.5456209656552703,-1.2753528654836617,0,0,0,0,0,0,0,0,0,0,0,0,False,False,False,False,False,False,False,False,False,True,False,False,False
2016-06-06,727250.0,1.3400801256795768e-06,0.007894025051373238,1.4636601074321252e-06,0.0010316831427111999,0.5380682853063687,-1.5011006923754957,0,0,0,0,0,0,0,0,0,0,0,0,False,False,False,False,False,False,False,True,False,False,False,False,False
2016-06-13,753730.0,3.736881378018765e-07,0.0010881056557284219,7.335687800976217e-08,7.30515866899745e-05,0.5655908426240541,-1.4580974524763133,0,0,0,0,0,0,0,0,0,0,0,0,False,False,False,False,False,False,False,True,False,False,False,False,False
2016-06-20,999196.666666667,0.023742901736910533,0.281724721360871,3.6765533319080292e-09,0.6615763733779794,0.5747198574432745,-1.2188402642515608,0,0,0,0,0,0,0,0,0,0,0,0,False,False,False,False,False,False,False,True,False,False,False,False,False
2016-06-27,845843.333333333,0.0067361591911404735,0.05095917426425619,1.842641600137153e-10,0.1214880953095635,0.5662554955041118,-1.3084521037169339,0,0,0,0,0,0,0,0,0,0,0,0,False,False,False,False,False,False,False,True,False,False,False,False,False
2016-07-04,1126016.66666667,0.01598113365792279,0.007297265591820065,0.5943974190407249,0.009687795527199908,0.5830346691432263,-0.9884456687566449,0,0,0,0,0,0,0,0,0,0,0,0,False,False,False,False,False,False,True,False,False,False,False,False,False
2016-07-11,1140978.33333333,0.0045083735780500995,0.0010053274833808593,0.06842195072309651,0.000691542946215461,0.5939154417142154,-0.8352977499981827,0,0,0,0,0,0,0,0,0,0,0,0,False,False,False,False,False,False,True,False,False,False,False,False,False
2016-07-18,1242656.66666667,0.0024317022320360145,0.7180454725390866,0.5731647670560955,0.7376559209062585,0.5610975284294597,-0.826911946901729,0,0,0,0,0,0,0,0,0,0,0,0,False,False,False,False,False,False,True,False,False,False,False,False,False
2016-07-25,1293483.33333333,0.0006792830396241611,0.2585118865780786,0.06305687636355431,0.1659067107703543,0.5954149943271695,-0.5940532948602002,0,0,0,0,0,0,0,0,0,0,0,0,False,False,False,False,False,False,True,False,False,False,False,False,False
2016-08-01,1484843.33333333,0.0638087146435862,0.5158883760202599,0.0033616833656751025,0.8081516421570479,0.6148863493477849,-0.5507938046621045,0,0,0,0,0,0,0,0,0,0,0,0,False,False,True,False,False,False,False,False,False,False,False,False,False
2016-08-08,1485698.33333333,0.018651627556292502,0.12731285535353998,0.1168181410310089,0.22957797628062257,0.6275774403054113,-0.2880436276394257,0,0,0,0,0,0,0,0,0,0,0,0,False,False,True,False,False,False,False,False,False,False,False,False,False
2016-08-15,1556608.33333333,0.11206624767136378,0.019580733884257306,0.006585528495871068,0.42470666616301816,0.2736805890001219,-0.3744545099810849,0,0,0,0,0,0,0,0,0,0,0,0,False,False,True,False,False,False,False,False,False,False,False,False,False
2016-08-22,1391206.66666667,0.03399777675142406,0.0027266837830163195,0.8424390465703913,0.33248789301011616,0.07770866953690499,-0.5446124297491461,0,0,0,0,0,0,0,0,0,0,0,0,False,False,True,False,False,False,False,False,False,False,False,False,False
2016-08-29,2018783.33333333,0.10282829708986967,0.3964799716970738,0.21133923210548677,0.03403644478490132,0.6448839761955246,0.2543180925905491,0,0,0,0,0,0,0,0,0,0,0,0,False,False,True,False,False,False,False,False,False,False,False,False,False
2016-09-05,2170721.66666667,0.14103857476244425,0.3507836836863865,0.4421465563069487,0.035381905336945886,0.6536665498003749,0.4703964519883597,0,0,0,0,0,0,0,0,0,0,0,0,False,False,False,False,False,False,False,False,False,False,False,False,True
2016-09-12,2247670.0,0.04378235608762344,0.5316689217243823,0.03820571406293469,0.0025880171728654804,0.6593605646174558,0.8556376499558148,0,0,0,0,0,0,0,0,0,0,0,0,False,False,False,False,False,False,False,False,False,False,False,False,True
2016-09-19,2192026.66666667,0.012606965404992787,0.23630214940244185,0.9213352413201641,0.7863448055931936,0.6617466779150692,0.5379722134889883,0,0,0,0,0,0,0,0,0,0,0,0,False,False,False,False,False,False,False,False,False,False,False,False,True
2016-09-26,1895213.33333333,0.003547767185421407,0.505230527444629,0.3698799377606897,0.2065729038920241,0.6475161484352177,0.30427821442783803,0,0,0,0,0,0,0,0,0,0,0,0,False,False,False,False,False,False,False,False,False,False,False,False,True
2016-10-03,2232910.0,0.7771481492003428,0.48880507990955757,0.7771478179376609,0.7136507107057815,0.6603577642764773,0.41369226625782446,1,0,0,0,0,0,0,0,0,0,0,0,False,False,False,False,False,False,False,False,False,False,False,True,False
2016-10-10,2406035.0,0.49301538850070975,0.11575157858941558,0.809645776174529,0.7570422935150396,0.6785793821031608,1.049070914670936,0,0,0,0,0,0,0,0,0,0,0,0,False,False,False,False,False,False,False,False,False,False,False,True,False
2016-10-17,2252445.0,0.7291255410313755,0.07343869592952791,0.17571536571142424,0.8247729398286036,0.6722089537902444,0.5771775440615267,0,0,0,0,0,0,0,0,0,0,0,0,False,False,False,False,False,False,False,False,False,False,False,True,False
2016-10-24,2663125.0,0.4287694345170762,0.44294083016187663,0.7632437928199128,0.8425298336103686,0.6814978656382644,1.36020800077298,0,0,0,0,0,0,0,0,0,0,0,0,False,False,False,False,False,False,False,False,False,False,False,True,False
2016-10-31,2974771.66666667,0.7541895147473436,0.09816872043992252,0.1390965491475455,0.8553035467330051,0.7004472145268031,1.6405762303620013,0,0,0,0,0,0,0,0,0,0,0,0,False,False,False,False,False,False,False,False,False,False,False,True,False
2016-11-07,2826128.33333333,0.46108356380282345,0.4071907285703702,0.8080622651972997,0.8662026582259719,0.684958021764382,1.5897078918344019,0,0,0,0,0,0,0,0,0,0,0,0,False,False,False,False,False,False,False,False,False,False,True,False,False
2016-11-14,3182900.0,0.5798769242249168,0.08595188382045658,0.1742368331044081,0.8338062335628356,0.3271256029714515,1.9528102221691865,0,0,0,0,0,0,0,0,0,0,0,0,False,False,False,False,False,False,False,False,False,False,True,False,False
2016-11-21,2964696.66666667,0.3340627252299258,0.4091449327755478,0.7006564506333929,0.8598822985906444,0.09805008136656275,1.6848973978813953,0,0,0,0,0,0,0,0,0,0,0,0,False,False,False,False,False,False,False,False,False,False,True,False,False
2016-11-28,2848525.0,0.12271893481551091,0.08658957801079034,0.5765346699713659,0.8161709485260192,0.7616112294377444,1.8319479107514018,0,0,0,0,0,0,0,0,0,0,0,0,False,False,False,False,False,False,False,False,False,False,True,False,False
2016-12-05,2740160.0,0.10786949693580918,0.6278064828147636,0.06387644564101463,0.6169390034384584,0.755067011706865,1.3012656062169081,0,0,0,0,0,0,0,0,0,0,0,0,False,False,False,True,False,False,False,False,False,False,False,False,False
2016-12-12,2380508.33333333,0.03261720547766935,0.18759912984477473,0.003408198487097302,0.7163872415005224,0.7427975181558089,1.1420337938268068,0,0,0,0,0,0,0,0,0,0,0,0,False,False,False,True,False,False,False,False,False,False,False,False,False
2016-12-19,2230915.0,0.009314558985535197,0.7715213754504493,0.00017136934550532137,0.4823834929001792,0.7363084259729452,0.7670213742694589,1,1,0,0,0,0,0,0,0,0,0,0,False,False,False,True,False,False,False,False,False,False,False,False,False
2016-12-26,3659425.0,0.6469924972278231,0.31613680827457824,8.590211139377968e-06,0.8620575020677325,0.7464719278963894,1.0579740441712224,1,0,1,0,0,0,0,1,0,0,0,0,False,False,False,True,False,False,False,False,False,False,False,False,False
2017-01-02,2827008.33333333,0.6192719916347597,0.8620689655172413,0.9294731008545576,0.8016810221078045,0.7426466221229094,0.9460052106417121,0,0,0,0,0,0,0,0,0,0,0,0,False,False,False,False,False,True,False,False,False,False,False,False,False
2017-01-09,2042143.33333333,0.31203884126461634,0.4610980127989221,0.3977768378555037,0.8313198243704033,0.7387500059472333,0.6164875946243932,0,0,0,0,0,0,0,0,0,0,0,0,False,False,False,False,False,True,False,False,False,False,False,False,False
2017-01-16,2113358.33333333,0.15161792845446292,0.10485308932822075,0.27332889063539917,0.845752718873002,0.733558396670368,0.5612330810180305,0,0,0,0,0,0,0,0,0,0,0,0,False,False,False,False,False,True,False,False,False,False,False,False,False
2017-01-23,2179918.33333333,0.04746964948164271,0.015782701961081724,0.7957062989691409,0.8573800841889112,0.7372511180025132,0.7045686884246947,0,0,0,0,0,0,0,0,0,0,0,0,False,False,False,False,False,True,False,False,False,False,False,False,False
2017-01-30,2370613.33333333,0.23391848412597582,0.0021904908748307216,0.16332561207955867,0.8008473383013812,0.7403542579476127,0.7524874943214875,0,0,0,0,0,0,0,0,0,0,0,0,False,False,False,False,False,True,False,False,False,False,False,False,False
2017-02-06,1814556.66666667,0.07846558914043958,0.0003004462282112574,0.009688789382086954,0.22146635878410506,0.7165023810257092,0.24643224299630664,0,0,0,0,0,0,0,0,0,0,0,0,False,False,False,False,True,False,False,False,False,False,False,False,False
2017-02-13,1951668.33333333,0.02319287711355676,0.2901853993633931,0.0004901002451540998,0.8773073356169506,0.3610780205071062,0.3630821083515407,0,0,0,0,0,0,0,0,0,0,0,0,False,False,False,False,True,False,False,False,False,False,False,False,False
2017-02-20,1918238.33333333,0.006577455922070357,0.05300094609496291,0.7903772975664551,0.3359120192139964,0.11219094284609331,0.2893621306441993,0,0,0,0,0,0,0,0,0,0,0,0,False,False,False,False,True,False,False,False,False,False,False,False,False
2017-02-27,1472390.0,0.0018428965744775156,0.007603659825511775,0.15893689485003779,0.9268777279310463,0.6871801167681981,-0.35516431563369777,0,0,0,0,0,0,0,0,0,0,0,0,False,False,False,False,True,False,False,False,False,False,False,False,False
2017-03-06,1477865.0,0.0005145844380735032,0.0010478175621216471,0.8442326713274407,0.47276410762473964,0.6959131796540795,-0.40984552348655945,0,0,0,0,0,0,0,0,0,0,0,0,False,False,False,False,False,False,False,False,True,False,False,False,False
2017-03-13,1300166.66666667,0.007628741704973628,0.00014357607033727013,0.21361084523576257,0.059648110574843045,0.6859925564781475,-0.6846404297193659,0,0,0,0,0,0,0,0,0,0,0,0,False,False,False,False,False,False,False,False,True,False,False,False,False
2017-03-20,1160205.0,0.002139079245169546,1.9658000058492535e-05,0.894822891688513,0.004467130644661294,0.674098917937711,-0.9263867686819621,0,0,0,0,0,0,0,0,0,0,0,0,False,False,False,False,False,False,False,False,True,False,False,False,False
2017-03-27,1356871.66666667,0.000597414080109842,0.014889274475721505,0.2989337353041848,0.6676100677740148,0.6982139691954402,-0.5121058004933986,0,0,0,0,0,0,0,0,0,0,0,0,False,False,False,False,False,False,False,False,True,False,False,False,False
2017-04-03,1355833.33333333,0.00016666358676904383,0.0020648772748252907,0.020923412868793533,0.12440680943725022,0.6941205968016444,-0.48964360385833283,0,0,0,0,0,0,0,0,0,0,0,0,False,False,False,False,False,False,False,False,False,False,False,False,False
2017-04-10,1176266.66666667,4.648052774192002e-05,0.8617382195385163,0.001069919125204529,0.009950965981322585,0.6716182760065611,-0.8816143883010166,1,0,0,0,0,0,0,0,0,0,0,0,False,False,False,False,False,False,False,False,False,False,False,False,False
2017-04-17,1955281.66666667,0.0026314653470733526,0.46040759895326316,5.367753292637882e-05,0.0007105041514815283,0.6668385350023123,-1.1968674043454934,1,0,0,1,0,0,0,0,1,0,0,0,False,False,False,False,False,False,False,False,False,False,False,False,False
2017-04-24,1029928.33333333,0.0007351918960815869,0.7660354807701251,2.69038659903512e-06,5.029446755006345e-05,0.6578753044201967,-1.075518169101713,0,0,0,0,0,0,0,0,0,0,0,0,False,False,False,False,False,False,False,False,False,False,False,False,False
2017-05-01,2263143.33333333,0.11104116754866439,0.30950263838336867,1.3483908628356773e-07,3.558010890864472e-06,0.6327461302048338,-1.3083541398550143,1,0,0,0,0,1,0,0,0,1,0,0,False,False,False,False,False,False,False,False,False,True,False,False,False
2017-05-08,813771.666666667,0.03365972598108398,0.757189383903956,6.7579637294966246e-09,2.516955106774751e-07,0.6346536238030285,-1.415503923507032,0,0,0,0,0,0,0,0,0,0,0,0,False,False,False,False,False,False,False,False,False,True,False,False,False
2017-05-15,880871.666666667,0.009619679968420083,0.2991868666921803,3.387005168281935e-10,1.7805014486521925e-08,0.2797639808479448,-1.2535170584681619,0,0,0,0,0,0,0,0,0,0,0,0,False,False,False,False,False,False,False,False,False,True,False,False,False
2017-05-22,919185.0,0.0027012328976849724,0.16527616071004525,1.6975237511186328e-11,0.7610162971381196,0.07991527278965604,-1.2127457538467086,1,0,0,0,0,0,0,0,0,0,0,0,False,False,False,False,False,False,False,False,False,True,False,False,False
2017-05-29,826321.666666667,0.0007547219460548746,0.02639097516332117,0.6918054357088425,0.18384957935979535,0.6040381119823183,-1.3787153565822485,0,0,0,0,0,0,0,0,0,0,0,0,False,False,False,False,False,False,False,False,False,True,False,False,False
2017-06-05,833798.333333333,0.006520671394939468,0.06863957320281808,0.10112495029546623,0.7093807562179681,0.6334142545975541,-1.4131407263059423,1,0,0,0,1,0,0,0,0,0,0,0,False,False,False,False,False,False,False,True,False,False,False,False,False
2017-06-12,746271.666666667,0.0018269113016969258,0.009988504714712394,0.005606826657680158,0.1472465939624898,0.6141354103048249,-1.472327306645913,0,0,0,0,0,0,0,0,0,0,0,0,False,False,False,False,False,False,False,True,False,False,False,False,False
2017-06-19,1036406.66666667,0.11720444508403248,0.0013793174997747538,0.00028251160003365703,0.02874541819063544,0.6524441001973864,-1.152789457448797,0,0,0,0,0,0,0,0,0,0,0,0,False,False,False,False,False,False,False,True,False,False,False,False,False
2017-06-26,927931.666666667,0.03570047734438716,0.3901852872083572,0.5615860046455069,0.002089267288339867,0.6351711479806117,-1.2426223188292402,0,0,0,0,0,0,0,0,0,0,0,0,False,False,False,False,False,False,False,True,False,False,False,False,False
2017-07-03,1126943.33333333,0.019934680687957226,0.08053960006026341,0.7764805957598596,0.8485698077104047,0.6722108726981592,-0.9906848427433829,0,0,0,0,0,0,0,0,0,0,0,0,False,False,False,False,False,False,True,False,False,False,False,False,False
2017-07-10,1184220.0,0.005639960352721703,0.011849579719400823,0.14828862070549736,0.2838766617333238,0.6718788477207357,-0.7660768712301427,0,0,0,0,0,0,0,0,0,0,0,0,False,False,False,False,False,False,True,False,False,False,False,False,False
2017-07-17,1315508.33333333,0.014310590442587806,0.24954116361699188,0.9194122690538256,0.027277073529103513,0.6755424332052361,-0.838355863264122,0,0,0,0,0,0,0,0,0,0,0,0,False,False,False,False,False,False,True,False,False,False,False,False,False
2017-07-24,1279360.0,0.004032189095289957,0.04353972727613745,0.3637852576793974,0.001979769946956642,0.676081382298146,-0.614651765215787,0,0,0,0,0,0,0,0,0,0,0,0,False,False,False,False,False,False,True,False,False,False,False,False,False
2017-07-31,1455811.66666667,0.015713147539594772,0.5461870412055245,0.2571124697841117,0.00014030760260591224,0.6924901797937751,-0.5349786732195665,0,0,0,0,0,0,0,0,0,0,0,0,False,False,False,False,False,False,True,False,False,False,False,False,False
2017-08-07,1553355.0,0.004431906605549031,0.4614261230006296,0.7671358723220629,9.926693036396921e-06,0.7099638054057493,-0.2997022923690814,0,0,0,0,0,0,0,0,0,0,0,0,False,False,True,False,False,False,False,False,False,False,False,False,False
2017-08-14,1374855.0,0.11507537949415628,0.1049770821619444,0.14171091147944628,7.022234997178935e-07,0.353735850570536,-0.646268033263446,0,0,0,0,0,0,0,0,0,0,0,0,False,False,True,False,False,False,False,False,False,False,False,False,False
2017-08-21,1970110.0,0.03499327605786638,0.015803225133403893,0.8046493296128611,0.49084790367637704,0.10904590089633394,0.3561425993150554,0,0,0,0,0,0,0,0,0,0,0,0,False,False,True,False,False,False,False,False,False,False,False,False,False
2017-08-28,2336431.66666667,0.717610114079222,0.0021933786875745144,0.17111432941923949,0.41600069877455026,0.7324546377259303,0.7103654465989827,0,0,0,0,0,0,0,0,0,0,0,0,False,False,True,False,False,False,False,False,False,False,False,False,False
2017-09-04,2002065.0,0.4147346673042516,0.0003008430698924759,0.010240506181715736,0.04797309258927399,0.7302216187342166,0.5507287490849864,0,0,0,0,0,0,0,0,0,0,0,0,False,False,False,False,False,False,False,False,False,False,False,False,True
2017-09-11,2027418.33333333,0.5356264827552318,0.36037298969541304,0.5589401357522534,0.2954754289465364,0.7158607258225697,0.16995479973719357,0,0,0,0,0,0,0,0,0,0,0,0,False,False,False,False,False,False,False,False,False,False,False,False,True
2017-09-18,1886570.0,0.24336543686288226,0.07160780578756584,0.05972066669185632,0.028813410387608884,0.7286676278970525,0.36279883353899434,0,0,0,0,0,0,0,0,0,0,0,0,False,False,False,False,False,False,False,False,False,False,False,False,True
2017-09-25,2529721.66666667,0.6578002813520879,0.4015811983687218,0.003173127288019645,0.6597271517870159,0.7450487468241599,0.9037007474521841,0,0,0,0,0,0,0,0,0,0,0,0,False,False,False,False,False,False,False,False,False,False,False,False,True
2017-10-02,2357930.0,0.8497788951776651,0.2597325447773929,0.00015951387859916737,0.12061049519035084,0.7422438323931791,1.0911379482049737,1,0,0,0,0,0,0,0,0,0,0,0,False,False,False,False,False,False,False,False,False,False,False,True,False
2017-10-09,3003391.66666667,0.7877119412372394,0.7721505338202496,0.8849661804005512,0.8157749620171904,0.7499338128436155,1.2594104255665295,0,0,0,0,0,0,0,0,0,0,0,0,False,False,False,False,False,False,False,False,False,False,False,True,False
2017-10-16,2283685.0,0.50853024391894,0.3169096973779567,0.27827439489099315,0.7917283985233641,0.7454036248209515,1.0033049008333754,0,0,0,0,0,0,0,0,0,0,0,0,False,False,False,False,False,False,False,False,False,False,False,True,False
2017-10-23,2584721.66666667,0.556353741079216,0.18753313393570725,0.01895783792746323,0.8088701463299437,0.7490324176670455,1.070374435283985,0,0,0,0,0,0,0,0,0,0,0,0,False,False,False,False,False,False,False,False,False,False,False,True,False
2017-10-30,2565400.0,0.2965175295983753,0.030631256564274952,0.0009675662732665422,0.8264832794933644,0.7551293755179799,1.3366894352032226,1,0,0,0,0,0,0,0,0,0,0,0,False,False,False,False,False,False,False,False,False,False,False,True,False
2017-11-06,3407085.0,0.25893030986934085,0.7300057848415213,0.9109542993540853,0.7654927634806595,0.7683040739849217,1.8074955517195026,0,0,0,0,0,0,0,0,0,0,0,0,False,False,False,False,False,False,False,False,False,False,True,False,False
2017-11-13,2803291.66666667,0.08878187557146193,0.2701517847221642,0.3389408711729685,0.8723613115979193,0.42577594550985015,1.8422046788363433,0,0,0,0,0,0,0,0,0,0,0,0,False,False,False,False,False,False,False,False,False,False,True,False,False
2017-11-20,3303155.0,0.3942164848500212,0.35814249716674734,0.23841606773836913,0.7619381047256873,0.14221999567316934,1.9901523090428468,0,0,0,0,0,0,0,0,0,0,0,0,False,False,False,False,False,False,False,False,False,False,True,False,False
2017-11-27,3103743.33333333,0.15359398165377713,0.07096629826564474,0.7700416161692174,0.685903382491063,0.8003717370635417,2.145899406916087,0,0,0,0,0,0,0,0,0,0,0,0,False,False,False,False,False,False,False,False,False,False,True,False,False
2017-12-04,2793875.0,0.23262465987729333,0.22420703812712814,0.14370966903859528,0.5869581326530472,0.7916436494824753,1.395617352341277,0,0,0,0,0,0,0,0,0,0,0,0,False,False,False,True,False,False,False,False,False,False,False,False,False
2017-12-11,2260396.66666667,0.07794410705421793,0.03805882440790117,0.0083411749492991,0.7149433601561842,0.7803849898751763,0.968128153114563,0,0,0,0,0,0,0,0,0,0,0,0,False,False,False,True,False,False,False,False,False,False,False,False,False
2017-12-18,2399176.66666667,0.44976319716715996,0.21848884319054193,0.00042138774798805985,0.4819897567612473,0.7836610862905226,0.8344900028767565,0,0,0,0,0,0,0,0,0,0,0,0,False,False,False,True,False,False,False,False,False,False,False,False,False
2017-12-25,3827520.0,0.747970256827472,0.036862584859446476,0.8545041295015203,0.8620545120779787,0.7718687544214906,0.6254191963801143,1,1,0,0,0,0,0,0,0,0,1,0,False,False,False,True,False,False,False,False,False,False,False,False,False
2018-01-01,3109461.66666667,0.45282871312962314,0.005212323662457655,0.6765429427224178,0.8016804874982689,0.7758296944564039,0.6531275267241948,1,0,1,0,0,0,0,0,0,0,0,0,False,False,False,False,False,True,False,False,False,False,False,False,False
2018-01-08,2228128.33333333,0.18750381693226414,0.002143177356415174,0.09488202139554215,0.8313197889297287,0.7774534610247064,0.8770029408857393,0,0,0,0,0,0,0,0,0,0,0,0,False,False,False,False,False,True,False,False,False,False,False,False,False
2018-01-15,2202593.33333333,0.33671354509087364,0.0002939447120775832,0.8598452896028246,0.25850942356167717,0.7715150387112422,0.3968579245868402,0,0,0,0,0,0,0,0,0,0,0,0,False,False,False,False,False,True,False,False,False,False,False,False,False
2018-01-22,1918293.33333333,0.12400500381565434,0.0765372903249994,0.9001289515454959,0.024068922662419612,0.763724868427578,0.1925627357136375,0,0,0,0,0,0,0,0,0,0,0,0,False,False,False,False,False,True,False,False,False,False,False,False,False
2018-01-29,1862458.33333333,0.1835989133613225,0.011219080013641154,0.3111598601154483,0.0017415952815603211,0.76078836703788,0.0884136382360888,0,0,0,0,0,0,0,0,0,0,0,0,False,False,False,False,False,True,False,False,False,False,False,False,False
2018-02-05,1975951.66666667,0.05901051806350133,0.0015509098050181204,0.5811690748692595,0.23443880956725535,0.7750303421482498,0.44857801787448115,0,0,0,0,0,0,0,0,0,0,0,0,False,False,False,False,True,False,False,False,False,False,False,False,False
2018-02-12,1827318.33333333,0.0465008049679239,0.07420675183485387,0.06502267525620797,0.021203557914265838,0.4351352311984272,0.1018703982835431,0,0,0,0,0,0,0,0,0,0,0,0,False,False,False,False,True,False,False,False,False,False,False,False,False
2018-02-19,1656268.33333333,0.013416892535965782,0.01085408511444768,0.6574789206904738,0.00153009395325899,0.14694124244446116,-0.07155990053711943,0,0,0,0,0,0,0,0,0,0,0,0,False,False,False,False,True,False,False,False,False,False,False,False,False
2018-02-26,1703790.0,0.028300386337501166,0.09138244689351824,0.7893005071790267,0.0001083933908165274,0.7380466847591597,-0.20461798889301672,0,0,0,0,0,0,0,0,0,0,0,0,False,False,False,False,True,False,False,False,False,False,False,False,False
2018-03-05,1488115.0,0.008056113299010348,0.013581456170074665,0.1580716618523862,7.668550987099645e-06,0.7420611803246685,-0.2783370014391569,0,0,0,0,0,0,0,0,0,0,0,0,False,False,False,False,False,False,False,False,True,False,False,False,False
2018-03-12,1727330.0,0.2687835206876372,0.19516486361995533,0.8983743352387368,5.424792921608072e-07,0.7387193332340558,-0.34463054628401757,0,0,0,0,0,0,0,0,0,0,0,0,False,False,False,False,False,False,False,False,True,False,False,False,False
2018-03-19,1208246.66666667,0.09297264353078905,0.032130319058425755,0.30702390466251017,3.8375155121035156e-08,0.7225247768168188,-0.724730330532786,0,0,0,0,0,0,0,0,0,0,0,0,False,False,False,False,False,False,False,False,True,False,False,False,False
2018-03-26,1388960.0,0.1241821793603554,0.18305968694576058,0.43953265017555776,2.714669226990864e-09,0.7273890198371398,-0.6498536071258302,1,0,0,0,0,0,0,0,0,0,0,0,False,False,False,False,False,False,False,False,True,False,False,False,False
2018-04-02,2408331.66666667,0.03803495585235331,0.029763463060650305,0.03781795764820908,1.92036455475449e-10,0.7145409445118867,-0.9429769245690478,1,0,0,1,0,0,0,0,0,0,0,1,False,False,False,False,False,False,False,False,False,False,False,False,False
2018-04-09,1131721.66666667,0.010905349894592289,0.014334677867976037,0.001966011959536311,1.358471219199094e-11,0.7214515089410056,-0.852577030982911,0,0,0,0,0,0,0,0,0,0,0,0,False,False,False,False,False,False,False,False,False,False,False,False,False
2018-04-16,950015.0,0.003065114276916639,0.001987001095225959,9.871836389564967e-05,0.613561945367161,0.7040581251769241,-1.143963540844605,0,0,0,0,0,0,0,0,0,0,0,0,False,False,False,False,False,False,False,False,False,False,False,False,False
2018-04-23,801298.333333333,0.0008566152874679333,0.3910051594619493,4.94810235805519e-06,0.10097566802033847,0.6730328265116082,-1.4157070899398805,0,0,0,0,0,0,0,0,0,0,0,0,False,False,False,False,False,False,False,False,False,False,False,False,False
2018-04-30,779838.333333334,0.0002390189379731386,0.08079503689017996,2.4799373885162486e-07,0.9202071887849929,0.6551476052062274,-1.442379319734494,1,0,0,0,0,1,0,0,0,0,0,0,False,False,False,False,False,False,False,False,False,False,False,False,False
2018-05-07,889546.666666667,6.666306890343692e-05,0.14116849922239222,1.2429132521056754e-08,0.449281355067936,0.6958379559241545,-1.2550005112343758,1,0,0,0,0,0,0,0,0,0,0,0,False,False,False,False,False,False,False,False,False,True,False,False,False
2018-05-14,862850.0,1.859021050941782e-05,0.02200740555164048,0.6768948700923982,0.922215664189075,0.33842744696548427,-1.3444598552299625,0,0,0,0,0,0,0,0,0,0,0,0,False,False,False,False,False,False,False,False,False,True,False,False,False
2018-05-21,2601601.66666667,4.3930665193376585e-05,0.03336421106028238,0.0950202623127214,0.4561377536501368,0.1026449127691243,-1.1857767369827321,1,0,0,0,1,0,0,0,0,0,0,0,True,False,False,False,False,False,False,False,False,True,False,False,False
2018-05-28,905008.333333334,1.225066500291099e-05,0.004702990879114205,0.5336970338622026,0.44016276081985817,0.6903017241194778,-1.245478713404133,0,0,0,0,0,0,0,0,0,0,0,0,False,False,False,False,False,False,False,False,False,True,False,False,False
2018-06-04,910551.666666667,3.4161869309409353e-06,0.000646463544771491,0.05425038023880473,0.052687953957984396,0.6972013294041455,-1.207660802058291,0,0,0,0,0,0,0,0,0,0,0,0,False,False,False,False,False,False,False,True,False,False,False,False,False
2018-06-11,923853.333333333,0.0027810514962808724,8.85502670240069e-05,0.611895446415052,0.0039190397924817435,0.6934770017708997,-1.27998033086272,0,0,0,0,0,0,0,0,0,0,0,0,False,False,False,False,False,False,False,True,False,False,False,False,False
2018-06-18,982420.0,0.0007770680038309205,0.008039332464272034,0.07323178398343357,0.0002782472858395316,0.7109794207107308,-1.0977207373736615,0,0,0,0,0,0,0,0,0,0,0,0,False,False,False,False,False,False,False,True,False,False,False,False,False
2018-06-25,1056811.66666667,0.00021681063961409265,0.0011082746527225332,0.7851663602087574,0.7493675287543714,0.7070785805952775,-1.0466617795088289,0,0,0,0,0,0,0,0,0,0,0,0,False,False,False,False,False,False,False,True,False,False,False,False,False
2018-07-02,932326.666666667,0.013729345906383802,0.41680981035928044,0.15481444006438974,0.17458159039510604,0.6796795609411446,-1.3020665972099261,0,0,0,0,0,0,0,0,0,0,0,0,False,False,False,False,False,False,True,False,False,False,False,False,False
2018-07-09,1126221.66666667,0.0038667784199971455,0.08912320745143626,0.807257179501094,0.874538110397209,0.7062049938361528,-0.9565041413841883,0,0,0,0,0,0,0,0,0,0,0,0,False,False,False,False,False,False,True,False,False,False,False,False,False
2018-07-16,1140006.66666667,0.010493299022079034,0.14432679457723208,0.17349243394071087,0.330251819183417,0.7065804193265477,-0.9400751674176997,0,0,0,0,0,0,0,0,0,0,0,0,False,False,False,False,False,False,True,False,False,False,False,False,False
2018-07-23,1479303.33333333,0.018462084506735272,0.02256982664385484,0.601581559209692,0.03370618769585765,0.7350719757282942,-0.44971778044911337,0,0,0,0,0,0,0,0,0,0,0,0,False,False,False,False,False,False,True,False,False,False,False,False,False
2018-07-30,1647193.33333333,0.005217708656865846,0.0031511945929709392,0.07035157449442811,0.0024614831678692033,0.7465738965752463,-0.020971941338462818,0,0,0,0,0,0,0,0,0,0,0,0,False,False,False,False,False,False,True,False,False,False,False,False,False
2018-08-06,2009478.33333333,0.021342714212812454,0.18699261896568442,0.6948060777977423,0.0001745252043346508,0.7581469574451501,0.2448093244365222,0,0,0,0,0,0,0,0,0,0,0,0,False,False,True,False,False,False,False,False,False,False,False,False,False
2018-08-13,1523443.33333333,0.006044551194555335,0.030525978906154504,0.10241494604559476,0.7827298753753886,0.41209313225533695,-0.24260287312666287,0,0,0,0,0,0,0,0,0,0,0,0,False,False,True,False,False,False,False,False,False,False,False,False,False
2018-08-20,1420118.33333333,0.3298740246324417,0.2602357679540772,0.005686057633485251,0.20308977427054714,0.13549933861038993,-0.6415474298284738,0,0,0,0,0,0,0,0,0,0,0,0,False,False,True,False,False,False,False,False,False,False,False,False,False
2018-08-27,1673551.66666667,0.12069990121906399,0.04594623771396904,0.00028652549659576146,0.786603083453873,0.7519947350805446,0.001751331401522147,0,0,0,0,0,0,0,0,0,0,0,0,False,False,True,False,False,False,False,False,False,False,False,False,False
2018-09-03,2061091.66666667,0.09138831191416982,0.14949366607883166,0.11030873063975202,0.20682509416903325,0.767361185074815,0.41470954616386835,0,0,0,0,0,0,0,0,0,0,0,0,False,False,False,False,False,False,False,False,False,False,False,False,True
2018-09-10,2144110.0,0.02728207393964836,0.023497520576161758,0.08403897116584806,0.018111859475636285,0.7744702692751732,0.7719470744596818,0,0,0,0,0,0,0,0,0,0,0,0,False,False,False,False,False,False,False,False,False,False,False,False,True
2018-09-17,2058653.33333333,0.0077604183810282435,0.07559174550078833,0.7697339195831356,0.7285768090284018,0.7651125982868139,0.4841601332977893,0,0,0,0,0,0,0,0,0,0,0,0,False,False,False,False,False,False,False,False,False,False,False,False,True
2018-09-24,2208345.0,0.002842089333292245,0.05931582430141916,0.1434960726722422,0.15958403619362926,0.7773735142627712,0.8423097389287181,0,0,0,0,0,0,0,0,0,0,0,0,False,False,False,False,False,False,False,False,False,False,False,False,True
2018-10-01,2603008.33333333,0.8078701131909445,0.04732771777266301,0.3973417404973072,0.3956482969152905,0.7880723451382128,1.1326017559882737,1,0,0,0,0,0,0,0,0,0,0,0,False,False,False,False,False,False,False,False,False,False,False,True,False
2018-10-08,2313193.33333333,0.5397076065508745,0.006755100651475465,0.40544740349101893,0.6120240491107296,0.7828452252196321,1.0002178327314009,0,0,0,0,0,0,0,0,0,0,0,0,False,False,False,False,False,False,False,False,False,False,False,True,False
2018-10-15,2813106.66666667,0.5743835147721448,0.10540796285994218,0.20000078880765385,0.6689925149960269,0.7909233480489125,1.3638181862459944,0,0,0,0,0,0,0,0,0,0,0,0,False,False,False,False,False,False,False,False,False,False,False,True,False
2018-10-22,2665110.0,0.27342677561670875,0.015874581658095955,0.012374690920523151,0.12508773012272936,0.79565844814618,1.621839555963491,0,0,0,0,0,0,0,0,0,0,0,0,False,False,False,False,False,False,False,False,False,False,False,True,False
2018-10-29,2947875.0,0.27842178756750835,0.0022034200616032973,0.3179380924640548,0.8721580587321744,0.7976159755534512,1.6165403383884114,0,0,0,0,0,0,0,0,0,0,0,0,False,False,False,False,False,False,False,False,False,False,False,True,False
2018-11-05,2768941.66666667,0.09714408854518643,0.3525538272334671,0.2522290405023865,0.3255098896831554,0.7991037182946277,1.6621775032056143,0,0,0,0,0,0,0,0,0,0,0,0,False,False,False,False,False,False,False,False,False,False,True,False,False
2018-11-12,2666240.0,0.41728776406060414,0.06937454402467806,0.016624397787031262,0.8839719002334105,0.47074242345214984,1.1681375436739252,0,0,0,0,0,0,0,0,0,0,0,0,False,False,False,False,False,False,False,False,False,False,True,False,False
2018-11-19,2559550.0,0.16645239443917864,0.10047330324298118,0.0008465618243913463,0.3502029373027747,0.16589139484818474,1.4138120887253247,0,0,0,0,0,0,0,0,0,0,0,0,False,False,False,False,False,False,False,False,False,False,True,False,False
2018-11-26,2653766.66666667,0.43591575636709207,0.015060849622912473,0.8555267804248587,0.8571049909883913,0.8054104137935268,0.9645667082822083,0,0,0,0,0,0,0,0,0,0,0,0,False,False,False,False,False,False,False,False,False,False,True,False,False
2018-12-03,2144703.33333333,0.17728975156353946,0.08828483231566073,0.22886389917245992,0.2979058726832035,0.7991472704939062,0.7524648130332598,0,0,0,0,0,0,0,0,0,0,0,0,False,False,False,True,False,False,False,False,False,False,False,False,False
2018-12-10,2451681.66666667,0.05668542348233987,0.013083108611079846,0.6608116152104252,0.029141142971154364,0.8078610484947228,1.1829590416598483,0,0,0,0,0,0,0,0,0,0,0,0,False,False,False,True,False,False,False,False,False,False,False,False,False
2018-12-17,2469486.66666667,0.016480707792161008,0.013903280401376833,0.08895614972556672,0.0021188298014691337,0.8071976030026423,1.292203225118427,0,0,0,0,0,0,0,0,0,0,0,0,False,False,False,True,False,False,False,False,False,False,False,False,False
2018-12-24,3208150.0,0.8232285849094323,0.0019264766552252743,0.704545404875493,0.8874084359010733,0.8143198698551701,1.248715474296252,1,1,0,0,0,0,0,0,0,0,0,0,False,False,False,True,False,False,False,False,False,False,False,False,False
2018-12-31,2746851.66666667,0.7837394485923934,0.000264173907151362,0.1067551332586055,0.35796637552564514,0.8023453968571402,0.8570718795007685,1,0,1,0,0,0,0,0,0,0,0,0,False,False,False,True,False,False,False,False,False,False,False,False,False
2019-01-07,2566165.0,0.5026321338008739,5.8488461265783415e-05,0.14417188582272678,0.5301673766514287,0.8136041063738318,1.4285583041375556,0,0,0,0,0,0,0,0,0,0,0,0,False,False,False,False,False,True,False,False,False,False,False,False,False
2019-01-14,2554828.33333333,0.3125528975200174,8.007474575740076e-06,0.12018118015449904,0.07392364727970491,0.8109311217379259,1.2014196799548211,0,0,0,0,0,0,0,0,0,0,0,0,False,False,False,False,False,True,False,False,False,False,False,False,False
2019-01-21,1959706.66666667,0.11251798136408778,0.018217261387533313,0.41983836641303884,0.6900919772168709,0.7985239449099499,0.4157678454209624,0,0,0,0,0,0,0,0,0,0,0,0,False,False,False,False,False,True,False,False,False,False,False,False,False
2019-01-28,2424486.66666667,0.2252249404946417,0.002533782553554911,0.03499940796201868,0.13608545387304122,0.8050753889223788,0.9061898981900277,0,0,0,0,0,0,0,0,0,0,0,0,False,False,False,False,False,True,False,False,False,False,False,False,False
2019-02-04,1953060.0,0.07498393859507184,0.00034763507741689923,0.5358559282751973,0.011020341157155895,0.7987657466263811,0.4140498584828617,0,0,0,0,0,0,0,0,0,0,0,0,False,False,False,False,True,False,False,False,False,False,False,False,False
2019-02-11,2086935.0,0.07176119826515258,4.760552584292975e-05,0.2452137341847947,0.6134566027554689,0.4702182735001551,0.46076124771697824,0,0,0,0,0,0,0,0,0,0,0,0,False,False,False,False,True,False,False,False,False,False,False,False,False
2019-02-18,1675816.66666667,0.02110304223294583,6.517464279615965e-06,0.09231698378204736,0.10093534481327467,0.165600475139421,0.02421063255298434,0,0,0,0,0,0,0,0,0,0,0,0,False,False,False,False,True,False,False,False,False,False,False,False,False
2019-02-25,1976413.33333333,0.058056770231295844,0.023165389778745406,0.10025893878975094,0.007879227666987856,0.7831900010411634,0.26091062617521016,0,0,0,0,0,0,0,0,0,0,0,0,False,False,False,False,True,False,False,False,False,False,False,False,False
2019-03-04,1480760.0,0.016896834998058687,0.0032360434688921192,0.005553757005525991,0.0005614898974490764,0.7707337166693722,-0.29178217955219704,0,0,0,0,0,0,0,0,0,0,0,0,False,False,False,False,False,False,False,False,True,False,False,False,False
2019-03-11,1425500.0,0.013248198730085677,0.0004442551685128098,0.0002798233940575186,3.974068676936412e-05,0.7619334798265996,-0.45396545489550727,0,0,0,0,0,0,0,0,0,0,0,0,False,False,False,False,False,False,False,False,True,False,False,False,False
2019-03-18,1156860.0,0.0037299593849033632,6.084186156812788e-05,1.4028119937478452e-05,0.836458267590609,0.7409094254352725,-0.8295685531079773,0,0,0,0,0,0,0,0,0,0,0,0,False,False,False,False,False,False,False,False,True,False,False,False,False
2019-03-25,1252230.0,0.003343959750831128,0.000988630213003126,7.030808310317962e-07,0.2656840155119809,0.7494258412514583,-0.7020649674648718,0,0,0,0,0,0,0,0,0,0,0,0,False,False,False,False,False,False,False,False,True,False,False,False,False
2019-04-01,1209373.33333333,0.0009347333218228566,0.00013545906158076001,3.52375372052727e-08,0.725480333836187,0.7487769957234454,-0.7339350729084412,0,0,0,0,0,0,0,0,0,0,0,0,False,False,False,False,False,False,False,False,False,False,False,False,False
2019-04-08,1183801.66666667,0.19151758622191792,0.0002102360567822369,1.766060438287522e-09,0.15750253412015458,0.7437446319301322,-0.9408989325029069,0,0,0,0,0,0,0,0,0,0,0,0,False,False,False,False,False,False,False,False,False,False,False,False,False
2019-04-15,918593.333333333,0.06196350062486944,2.8786539627569387e-05,0.41906816332017527,0.013052086285631342,0.7294993208347793,-1.212003544883001,1,0,0,0,0,0,0,0,0,0,0,0,False,False,False,False,False,False,False,False,False,False,False,False,False
2019-04-22,2303595.0,0.03205263345704558,3.940975191153189e-06,0.03489273994102297,0.5388791651544214,0.7267354059514494,-1.1569275860988568,1,0,0,1,0,0,0,0,0,0,0,0,False,True,False,False,False,False,False,False,False,False,False,False,False
2019-04-29,890675.0,0.009149518200266039,5.395213388267981e-07,0.8219858609784725,0.6713285661124634,0.7163421897656134,-1.3075911799254814,1,0,0,0,0,1,0,0,0,0,0,0,False,False,False,False,False,False,False,False,False,False,False,False,False
2019-05-06,989913.333333334,0.006367317300751523,7.386050567933581e-08,0.1879325308886207,0.12624891551278938,0.7401449252922065,-1.117695713593286,0,0,0,0,0,0,0,0,0,0,0,0,False,False,False,False,False,False,False,False,False,True,False,False,False
2019-05-13,915791.666666667,0.0017837475394810013,1.0111503872099356e-08,0.3318777666140176,0.844784409850281,0.38908875780604346,-1.2282230788688335,0,0,0,0,0,0,0,0,0,0,0,0,False,False,False,False,False,False,False,False,False,True,False,False,False
2019-05-20,746205.0,0.07613072505929681,0.0008188695332888226,0.513422900308848,0.27798600218611685,0.12466131149075839,-1.5862192238687747,0,0,0,0,0,0,0,0,0,0,0,0,False,False,False,False,False,False,False,False,False,True,False,False,False
2019-05-27,723785.0,0.02246264684878082,0.0008269605266186657,0.05022767560816253,0.026513912579074865,0.7026204963869259,-1.5082877652600837,1,0,0,0,0,0,0,0,0,0,0,0,False,False,False,False,False,False,False,False,False,True,False,False,False
2019-06-03,903125.0,0.006366954122330649,0.00011329175804454106,0.21647738593746485,0.0019229805313099777,0.7245165713818539,-1.2298242813015916,0,0,0,0,0,0,0,0,0,0,0,0,False,False,False,False,False,False,False,True,False,False,False,False,False
2019-06-10,672250.0,0.0017836453289640393,1.551115839019239e-05,0.013658043968249127,0.025158629661041914,0.686276406261412,-1.59144943241797,1,0,0,0,1,0,0,0,0,0,0,0,False,False,False,False,False,False,False,True,False,False,False,False,False
2019-06-17,739783.333333334,0.0004980186482174986,2.123506012438024e-06,0.000693521137839921,0.0018223325822834832,0.6989903364315054,-1.481673445137541,0,0,0,0,0,0,0,0,0,0,0,0,False,False,False,False,False,False,False,True,False,False,False,False,False
2019-06-24,831833.333333334,0.002863400544145599,2.9070850591274514e-07,3.478130668262554e-05,0.00012913098596826618,0.7020353620115002,-1.3830238361843168,0,0,0,0,0,0,0,0,0,0,0,0,False,False,False,False,False,False,False,True,False,False,False,False,False
2019-07-01,939896.666666667,0.0008001251892629013,3.979800444519245e-08,1.7432522815848e-06,9.135858076020818e-06,0.7273282519183772,-1.1610073224962454,0,0,0,0,0,0,0,0,0,0,0,0,False,False,False,False,False,False,True,False,False,False,False,False,False
2019-07-08,946510.0,0.0025914420703508486,5.4483469956957e-09,8.736972352620558e-08,6.462786239965394e-07,0.7245924650055442,-1.1958380599244347,0,0,0,0,0,0,0,0,0,0,0,0,False,False,False,False,False,False,True,False,False,False,False,False,False
2019-07-15,1063913.33333333,0.0007239890577419917,0.09789200416500175,4.378859367093183e-09,4.571795679188562e-08,0.7458359620412384,-0.981031300409179,0,0,0,0,0,0,0,0,0,0,0,0,False,False,False,False,False,False,True,False,False,False,False,False,False
2019-07-22,1278223.33333333,0.011009141741763801,0.014638206015323165,2.1946284217646304e-10,0.6889494802366818,0.755539163447372,-0.74025591361497,0,0,0,0,0,0,0,0,0,0,0,0,False,False,False,False,False,False,True,False,False,False,False,False,False
2019-07-29,1500828.33333333,0.0030945200102076202,0.05257201963757867,1.099919747773295e-11,0.13545925205445325,0.7656128367732851,-0.2682891907542709,0,0,0,0,0,0,0,0,0,0,0,0,False,False,False,False,False,False,True,False,False,False,False,False,False
2019-08-05,1843118.33333333,0.018062561099946844,0.007539200011503287,5.512657356042644e-13,0.9339332990672534,0.7767841588519446,0.06502199136428657,0,0,0,0,0,0,0,0,0,0,0,0,False,False,True,False,False,False,False,False,False,False,False,False,False
2019-08-12,1443773.33333333,0.005103306163975938,0.038639858891940555,2.7628734902114922e-14,0.5,0.4376160648174895,-0.36425082576220835,0,0,0,0,0,0,0,0,0,0,0,0,False,False,True,False,False,False,False,False,False,False,False,False,False
2019-08-19,1397435.0,0.0014283380293768598,0.005472298166592177,0.44204802662788195,0.8963849544163414,0.1482101111097523,-0.4911564940411827,0,0,0,0,0,0,0,0,0,0,0,0,False,False,True,False,False,False,False,False,False,False,False,False,False
2019-08-26,1930413.33333333,0.0003987096033242221,0.04550885355866652,0.03819103760871903,0.37964559589200386,0.788535996157138,0.41488617066368433,0,0,0,0,0,0,0,0,0,0,0,0,False,False,True,False,False,False,False,False,False,False,False,False,False
2019-09-02,2106968.33333333,0.00013945201697290117,0.006484879638977531,0.8396269521657712,0.7678362014808097,0.7914313064672712,0.5306828335170751,0,0,0,0,0,0,0,0,0,0,0,0,False,False,False,False,False,False,False,False,False,False,False,False,True
2019-09-09,2233758.33333333,0.18840277921922402,0.0025870685202250662,0.2078546957292429,0.18960068744379713,0.7971938873663112,0.5968745538552113,0,0,0,0,0,0,0,0,0,0,0,0,False,False,False,False,False,False,False,False,False,False,False,False,True
2019-09-16,2575148.33333333,0.06079728940794812,0.005689856328895508,0.8512891555947988,0.495227881151504,0.8092650351473103,1.2443548759893202,0,0,0,0,0,0,0,0,0,0,0,0,False,False,False,False,False,False,False,False,False,False,False,False,True
2019-09-23,2510951.66666667,0.1539465875289608,0.000782785524598347,0.22294040622418757,0.06489858156514985,0.8066970012533505,1.0447416841030424,0,0,0,0,0,0,0,0,0,0,0,0,False,False,False,False,False,False,False,False,False,False,False,False,True
2019-09-30,2275620.0,0.048289771236788105,0.026893622456687014,0.8933436976830786,0.004885581566450332,0.8028674608468621,0.734531635334732,1,0,0,0,0,0,0,0,0,0,0,0,False,False,False,False,False,False,False,False,False,False,False,False,True
2019-10-07,2505161.66666667,0.08846729806847954,0.0037692277985638223,0.29567047021231885,0.9263020023966416,0.8059927187210433,0.9968798227171192,0,0,0,0,0,0,0,0,0,0,0,0,False,False,False,False,False,False,False,False,False,False,False,True,False
2019-10-14,2456240.0,0.026350642979859288,0.03222900679624266,0.8989527692864401,0.4706548930811288,0.8041779421709735,1.0012278739284357,0,0,0,0,0,0,0,0,0,0,0,0,False,False,False,False,False,False,False,False,False,False,False,True,False
2019-10-21,2182825.0,0.07599127048425623,0.004538394906940391,0.308376954342157,0.7874894103903416,0.7982041101332557,0.5615511016338194,0,0,0,0,0,0,0,0,0,0,0,0,False,False,False,False,False,False,False,False,False,False,False,True,False
2019-10-28,2377706.66666667,0.03120408008066581,0.0038582051022411387,0.36752648336902316,0.20769396241096436,0.8055190361676015,1.037980247308175,0,0,0,0,0,0,0,0,0,0,0,0,False,False,False,False,False,False,False,False,False,False,False,True,False
2019-11-04,2732825.0,0.014441400695713844,0.0005299530310058557,0.4652308822352424,0.01820614414389718,0.8172560023684432,1.581747242247068,0,0,0,0,0,0,0,0,0,0,0,0,False,False,False,False,False,False,False,False,False,False,True,False,False
2019-11-11,2767788.33333333,0.004069434417328283,7.258376993970515e-05,0.04177990891408258,0.916192739388321,0.5,1.7033812000451964,0,0,0,0,0,0,0,0,0,0,0,0,False,False,False,False,False,False,False,False,False,False,True,False,False
